,mean reward,std reward,pct full rollouts
expert,4822.092118566967,99.89382850670573,1.0
behavioral cloning,4428.919854671185,1107.7692312503307,0.9248999999999998
