,mean reward,std reward,pct full rollouts
expert,3778.8561978363696,3.50297895196009,1.0
behavioral cloning,268.5960545228798,2.1781091581810834,0.976829268292683
