,mean reward,std reward,pct full rollouts
expert,3777.6519710140296,2.3296685234801444,1.0
behavioral cloning,3717.0993934096923,110.43780647078331,0.99115
