,mean reward,std reward,pct full rollouts
expert,4157.1208367243435,82.75326277963187,1.0
behavioral cloning,586.7292641935219,601.2626258841639,1.0
