,mean reward,std reward,pct full rollouts
expert,10417.517614857661,45.97652762703724,1.0
behavioral cloning,8483.854337270697,3724.102323188565,0.82875
