,mean reward,std reward,pct full rollouts
expert,3778.680826672776,3.2865566421265733,1.0
behavioral cloning,2673.8533729028854,1345.6123157666184,0.71865
