,mean reward,std reward,pct full rollouts
expert,10394.624569185606,47.554862357398946,1.0
behavioral cloning,1747.5556543300668,1496.1282768149008,0.3338164251207729
