,mean reward,std reward,pct full rollouts
expert,10367.288387720997,197.82545033686833,1.0
behavioral cloning,279.24175915923826,17.53771523212806,0.9198275862068966
