,mean reward,std reward,pct full rollouts
expert,10395.150171857316,59.53670126435413,1.0
behavioral cloning,786.6098072870808,352.7965584552126,0.5870646766169154
