,mean reward,std reward,pct full rollouts
expert,10401.29184867148,45.1608541897417,1.0
behavioral cloning,9457.519916996554,2840.105969236428,0.9135500000000001
