,mean reward,std reward,pct full rollouts
expert,4115.2208235128,52.892647595545,1.0
behavioral cloning,4036.273543497443,90.39809188869138,1.0
