,mean reward,std reward,pct full rollouts
expert,3777.9060321517645,3.3373632994104345,1.0
behavioral cloning,246.44650242696716,28.263567536826283,0.7886986301369862
