,mean reward,std reward,pct full rollouts
expert,10394.947779325073,44.797630457905974,1.0
behavioral cloning,9096.28160415487,3181.1583664931454,0.8797
