,mean reward,std reward,pct full rollouts
expert,3778.936125768304,4.5757212289705915,1.0
behavioral cloning,1354.8449919280285,330.2181823852276,0.6290732436472346
