,mean reward,std reward,pct full rollouts
expert,3777.114718595471,3.0448554563890053,1.0
behavioral cloning,477.3519676457996,35.36408405252152,0.9112637362637361
