,mean reward,std reward,pct full rollouts
expert,-3.8548367527857463,1.6749804822729,1.0
behavioral cloning,-11.87295558044126,4.459937751978359,1.0
