,mean reward,std reward,pct full rollouts
expert,-3.7891805772966434,1.675075103736385,1.0
behavioral cloning,-29.01104227439136,10.126737819215384,1.0
