,mean reward,std reward,pct full rollouts
expert,5528.130425223064,47.67880010485532,1.0
behavioral cloning,461.3358571783475,25.878196379331133,0.8268965517241378
