,mean reward,std reward,pct full rollouts
expert,5530.558171240861,82.28895000486564,1.0
behavioral cloning,5456.102117097819,124.84495558508844,0.99555
