,mean reward,std reward,pct full rollouts
expert,5309.91435246,694.663951950439,0.9737500000000001
behavioral cloning,5528.869188695363,38.365198915614585,1.0
