,mean reward,std reward,pct full rollouts
expert,5542.807474243846,49.02888808880996,1.0
behavioral cloning,1645.083115254442,352.10312584038917,0.7277120315581855
