,mean reward,std reward,pct full rollouts
expert,5525.210284195516,60.91262831198678,1.0
behavioral cloning,4857.696303788378,1507.6773660375604,0.8962999999999999
