,mean reward,std reward,pct full rollouts
expert,4829.261625524314,117.80259270601219,1.0
behavioral cloning,-1230.0356598924286,812.4828515022411,0.7031499999999999
