,mean reward,std reward,pct full rollouts
expert,4657.540649887332,708.76676189032,0.9675499999999999
behavioral cloning,-166.3847636972173,350.1582741542611,0.5939
