,mean reward,std reward,pct full rollouts
expert,4769.047712491594,292.76351691274886,0.98765
behavioral cloning,-680.9002314602013,715.8719548880338,0.4750000000000001
