,mean reward,std reward,pct full rollouts
expert,4845.155960130815,101.34569160730963,1.0
behavioral cloning,4391.939854307435,626.7200541099189,0.9884499999999999
