,mean reward,std reward,pct full rollouts
expert,4829.629143231066,198.1810996307957,0.9945999999999999
behavioral cloning,-135.62513100297286,244.90222134731962,0.51535
