,mean reward,std reward,pct full rollouts
expert,4755.4184906290975,288.83696506164375,0.9893000000000001
behavioral cloning,3538.037120085604,897.391276682989,0.97155
