,mean reward,std reward,pct full rollouts
expert,10416.602577408386,49.57078759497611,1.0
behavioral cloning,75.84637550894625,2.9597426555409574,1.0
