,mean reward,std reward,pct full rollouts
expert,3777.560148453415,4.952562721492802,1.0
behavioral cloning,610.3334819496816,29.828777005429963,0.9606132075471698
