,mean reward,std reward,pct full rollouts
expert,3777.2414412553226,4.377342087122344,1.0
behavioral cloning,5.996770647043364,0.1965537722681364,0.9599999999999997
