,mean reward,std reward,pct full rollouts
expert,3779.1825431700026,3.7196846699834945,1.0
behavioral cloning,554.086890131076,14.383011522757345,0.9756097560975612
