,mean reward,std reward,pct full rollouts
expert,4113.7302003863215,69.22388817414765,1.0
behavioral cloning,-199.14031341722676,1.5930056057816167,1.0
