,mean reward,std reward,pct full rollouts
expert,4118.854103930518,77.5534206474314,1.0
behavioral cloning,3196.6120812676877,1150.2974572559115,1.0
