,mean reward,std reward,pct full rollouts
expert,10411.18264341998,45.92878468181706,1.0
behavioral cloning,629.8897655168985,324.7083090542708,0.49325
