,mean reward,std reward,pct full rollouts
expert,10410.336473459363,42.99997587407014,1.0
behavioral cloning,4398.610176714645,3944.5257387068878,0.45264999999999994
