,mean reward,std reward,pct full rollouts
expert,9937.284824022885,1994.9829786425632,0.9586500000000001
behavioral cloning,80.25282457896466,10.676627970719137,0.7270833333333334
