,mean reward,std reward,pct full rollouts
expert,4149.84402597388,78.10194710617205,1.0
behavioral cloning,-132.41682012663043,1.0423531733648002,1.0
