,mean reward,std reward,pct full rollouts
expert,10416.065688439752,48.59451322519264,1.0
behavioral cloning,77.89461236515736,1.743394107071254,0.9083333333333332
