,mean reward,std reward,pct full rollouts
expert,3777.070504609617,2.716631482523308,1.0
behavioral cloning,344.0009107684199,2.1794293790122605,0.9843558282208591
