,mean reward,std reward,pct full rollouts
expert,5530.223808216551,44.88030134943797,1.0
behavioral cloning,-9.722082019012358,0.0707077307286513,1.0
