,mean reward,std reward,pct full rollouts
expert,5531.722750877907,45.17461502520325,1.0
behavioral cloning,5454.739910307349,31.81957029761845,1.0
