,mean reward,std reward,pct full rollouts
expert,5511.9944217114125,78.11271534026285,1.0
behavioral cloning,1.4532104559132302,0.311782273975188,0.9547619047619047
