,mean reward,std reward,pct full rollouts
expert,4127.5169707729365,104.15206994425871,1.0
behavioral cloning,3513.8936908626047,508.3524203498063,1.0
