,mean reward,std reward,pct full rollouts
expert,4800.325200065186,80.83831635195125,1.0
behavioral cloning,4473.42515198958,530.2416613001661,0.97625
