,mean reward,std reward,pct full rollouts
expert,4169.375672629578,73.05506453847963,1.0
behavioral cloning,3607.7094366301135,865.7430214475633,1.0
