,mean reward,std reward,pct full rollouts
expert,10402.963261792102,49.37592110950263,1.0
behavioral cloning,1291.0297434713268,1011.9325760184341,0.417312661498708
