,mean reward,std reward,pct full rollouts
expert,3778.3677307841012,4.8394233626435605,1.0
behavioral cloning,289.4165226400686,3.532408825289056,0.9888
