,mean reward,std reward,pct full rollouts
expert,-4.1078651558825285,1.3543745192478567,1.0
behavioral cloning,-14.218841232625724,5.160261356795421,1.0
