,mean reward,std reward,pct full rollouts
expert,5510.093662928351,72.85882979255197,1.0
behavioral cloning,857.2099804377531,1075.5931443946238,0.3564761904761905
