#,expert name,expert mean reward,expert std reward,BC mean reward,BC std reward
0,Humanoid-v2,10388.859134410483,47.990967183053854,1454.744951523136,808.462787780247
