,mean reward,std reward,pct full rollouts
expert,4165.875796586592,69.75399811069873,1.0
behavioral cloning,4065.4084445504764,107.05943399178025,1.0
