,mean reward,std reward,pct full rollouts
expert,3777.872441284777,4.092676771873388,1.0
behavioral cloning,647.2795134824413,665.7285889245474,0.2373953974895397
