,mean reward,std reward,pct full rollouts
expert,10409.120384325586,42.935998050875575,1.0
behavioral cloning,4501.073134674423,3937.617277322027,0.46290000000000003
