,mean reward,std reward,pct full rollouts
expert,-4.024433774826798,1.578541882012003,1.0
behavioral cloning,-8.946631202802132,4.115053182483845,1.0
