,mean reward,std reward,pct full rollouts
expert,5531.5237405678035,65.84310744776148,1.0
behavioral cloning,5164.168074443318,813.2111055732132,0.9368000000000001
