,mean reward,std reward,pct full rollouts
expert,4459.887432941621,1165.8438853870534,0.9588000000000001
behavioral cloning,4633.670288933192,574.2661972925699,0.9743999999999999
