,mean reward,std reward,pct full rollouts
expert,4661.827641364689,658.3956303612379,1.0
behavioral cloning,4641.134786212161,129.694514868163,1.0
