,mean reward,std reward,pct full rollouts
expert,4844.056988278245,97.95168885593223,1.0
behavioral cloning,4793.136945834623,104.32940402630496,1.0
