,mean reward,std reward,pct full rollouts
expert,4850.270018868996,104.6435040649878,1.0
behavioral cloning,4644.387660585404,133.95076612592894,0.9974000000000001
