,mean reward,std reward,pct full rollouts
expert,4805.149804865663,150.10212669438792,1.0
behavioral cloning,62.18066877933344,406.60274966369,0.8434000000000001
