,mean reward,std reward,pct full rollouts
expert,3780.115339325642,3.5534413973544505,1.0
behavioral cloning,254.34566538664131,6.8675722254676606,0.9623931623931623
