,mean reward,std reward,pct full rollouts
expert,3778.7368580111456,3.3009650749243584,1.0
behavioral cloning,3410.2790120073646,353.30264002334525,0.9336499999999999
