,mean reward,std reward,pct full rollouts
expert,10407.733946540266,44.184040969081856,1.0
behavioral cloning,6504.596846782749,4242.2254553307985,0.64325
