,mean reward,std reward,pct full rollouts
expert,3777.023091238853,3.4821197163713475,1.0
behavioral cloning,569.6477096183104,83.64000173696569,0.9204651162790698
