,mean reward,std reward,pct full rollouts
expert,10396.230451770101,56.737344192821055,1.0
behavioral cloning,7467.327427823075,3349.875274058283,0.73655
