,mean reward,std reward,pct full rollouts
expert,4135.811192429478,71.86457309093427,1.0
behavioral cloning,4148.0063898742355,81.42408134770906,1.0
