,mean reward,std reward,pct full rollouts
expert,-4.4542786309296565,1.7025564478887578,1.0
behavioral cloning,-11.691355936012451,4.035161450199337,1.0
