,mean reward,std reward,pct full rollouts
expert,-3.7533831188865294,1.4950003223716024,1.0
behavioral cloning,-9.436087419706007,4.506556390153391,1.0
