,mean reward,std reward,pct full rollouts
expert,-3.711503509466174,1.8412475063582394,1.0
behavioral cloning,-9.376948479859914,4.066425595153702,1.0
