,mean reward,std reward,pct full rollouts
expert,-3.5663857517807918,1.291575779493568,1.0
behavioral cloning,-8.750723326427345,4.6698115315726945,1.0
