,mean reward,std reward,pct full rollouts
expert,5504.973624724106,71.96289183149838,1.0
behavioral cloning,4195.363704168928,1159.188372157356,0.7820499999999999
