,mean reward,std reward,pct full rollouts
expert,5516.774541824959,82.0549175723154,1.0
behavioral cloning,3.4458079256030674,0.6355821953481295,0.9333333333333332
