,mean reward,std reward,pct full rollouts
expert,5533.9355695203485,54.202783115635306,1.0
behavioral cloning,5489.259667690005,72.19610480665176,1.0
