,mean reward,std reward,pct full rollouts
expert,5527.907463878989,60.94334323401415,1.0
behavioral cloning,5243.717706615879,855.6788985172991,0.9675499999999999
