,mean reward,std reward,pct full rollouts
expert,10405.741476532055,33.78480121441373,1.0
behavioral cloning,266.6932676058776,43.58720973004567,0.6902777777777779
