,mean reward,std reward,pct full rollouts
expert,3776.963548813911,3.203700711263317,1.0
behavioral cloning,3191.8731935686787,827.3719896894123,0.8657999999999999
