,mean reward,std reward,pct full rollouts
expert,3776.71436465393,2.3624709185367343,1.0
behavioral cloning,19.374751311532883,0.4660928836754559,0.9578947368421049
