,mean reward,std reward,pct full rollouts
expert,3777.882885167194,4.329848129429992,1.0
behavioral cloning,414.613932167465,3.0478699597317407,0.9791390728476822
