,mean reward,std reward,pct full rollouts
expert,3779.3781234541107,3.7877654744172524,1.0
behavioral cloning,3.1107639652856305,0.136847986501507,1.0
