,mean reward,std reward,pct full rollouts
expert,4109.616760614435,75.00019115705844,1.0
behavioral cloning,31.225455298285226,167.01004535908677,1.0
