,mean reward,std reward,pct full rollouts
expert,10425.780029248137,54.37516744930609,1.0
behavioral cloning,1725.1075395751845,1839.1175647719756,0.319558599695586
