,mean reward,std reward,pct full rollouts
expert,-4.661485543584565,1.3743738719794454,1.0
behavioral cloning,-18.140724665023566,3.202692372740175,1.0
