,mean reward,std reward,pct full rollouts
expert,-3.526507022485643,1.9215657695235362,1.0
behavioral cloning,-28.527748062720764,12.157788477814243,1.0
