,mean reward,std reward,pct full rollouts
expert,-3.6336829896004117,1.3628834440340714,1.0
behavioral cloning,-79.09154243196177,23.222105780311708,1.0
