,mean reward,std reward,pct full rollouts
expert,5518.961739930774,55.430639695698495,1.0
behavioral cloning,5468.906277292542,28.97839673322486,1.0
