,mean reward,std reward,pct full rollouts
expert,5525.81565098357,48.7936819810379,1.0
behavioral cloning,-2.476469568416277,0.2512107881203458,0.9333333333333333
