,mean reward,std reward,pct full rollouts
expert,5495.919254119128,74.07145712603052,1.0
behavioral cloning,29.97173336423208,7.850903083810827,0.7362612612612613
