,mean reward,std reward,pct full rollouts
expert,5517.320679283526,53.77179438427517,1.0
behavioral cloning,-10.566433942710898,0.4012087427094203,0.9714285714285713
