,mean reward,std reward,pct full rollouts
expert,10398.817690139582,46.76945115242351,1.0
behavioral cloning,1398.7654248744936,662.1544824968953,0.5517133956386293
