,mean reward,std reward,pct full rollouts
expert,5518.2534659896855,45.763351643271314,1.0
behavioral cloning,5231.149197823615,1010.5542993232772,0.9611000000000001
