,mean reward,std reward,pct full steps
expert,4804.098098692023,113.81960861745519,1.0
behavioral cloning,4624.926625131417,96.93851157966661,1.0
