,mean reward,std reward,pct full steps
expert,4121.3730365947395,80.20115264245476,1.0
behavioral cloning,3855.7005919272497,278.4321356168633,1.0
