,mean reward,std reward,pct full steps
expert,3776.4903603779894,5.126940201523728,1.0
behavioral cloning,316.06685641083146,3.547530177147942,0.9772727272727272
