,mean reward,std reward,pct full steps
expert,9920.778189171753,2146.917083620301,0.9545999999999999
behavioral cloning,2049.970575180398,1492.860029403458,0.44386617100371745
