,mean reward,std reward,pct full steps
expert,-4.255109195416311,1.7861407034579166,1.0
behavioral cloning,-15.772999792758117,6.711419818956853,1.0
