,mean reward,std reward,pct full steps
expert,5529.372781807172,57.68931076614957,1.0
behavioral cloning,2415.4987855097424,1157.4056659720684,0.49640000000000006
