,mean reward,std reward,pct full rollouts
expert,4855.530599119241,101.84870085759677,1.0
behavioral cloning,4535.882337034186,973.380552108499,0.9541000000000001
