,mean reward,std reward,pct full rollouts
expert,4803.662789074517,116.12956452739192,1.0
behavioral cloning,4581.044683424623,83.27509988049653,1.0
