,mean reward,std reward,pct full rollouts
expert,4846.412798392077,106.17543622346635,1.0
behavioral cloning,4113.897769121846,235.81438625776704,0.9995499999999999
