,mean reward,std reward,pct full rollouts
expert,4796.333183331673,154.859821279777,1.0
behavioral cloning,239.33016360410278,198.18535419715153,1.0
