,mean reward,std reward,pct full rollouts
expert,-3.677510168032023,2.0199936932455134,1.0
behavioral cloning,-11.894324560585073,5.186592693016141,1.0
