,mean reward,std reward,pct full rollouts
expert,-3.721761260671537,1.5488650082779736,1.0
behavioral cloning,-24.543506620530614,8.68013396095845,1.0
