,mean reward,std reward,pct full rollouts
expert,-4.0410855152943705,1.806024229084242,1.0
behavioral cloning,-10.255409519841704,4.221619983381787,1.0
