,mean reward,std reward,pct full rollouts
expert,-4.568138923804438,1.4310330025242624,1.0
behavioral cloning,-53.72153707077905,12.400468778313112,1.0
