,mean reward,std reward,pct full rollouts
expert,-4.016284605538834,1.8183878973311987,1.0
behavioral cloning,-10.299598041958754,3.9312012130999867,1.0
