,mean reward,std reward,pct full rollouts
expert,4792.135645546114,109.14386089022469,1.0
behavioral cloning,3820.065495532638,316.6991152040728,1.0
