,mean reward,std reward,pct full rollouts
expert,4705.389527365285,403.27440336047084,0.97075
behavioral cloning,-763.6138653996339,752.6253703891798,0.49049999999999994
