,mean reward,std reward,pct full rollouts
expert,4833.74752585736,104.23599621526544,1.0
behavioral cloning,4553.326232002172,822.28380237324,0.96085
