,mean reward,std reward,pct full rollouts
expert,4786.970030286286,86.62056006856056,1.0
behavioral cloning,883.9258737423636,595.5630149139341,0.92165
