,mean reward,std reward,pct full rollouts
expert,4661.413198072111,803.0337805910134,0.9625499999999999
behavioral cloning,-2023.5527756441509,148.3110838578349,1.0
