,mean reward,std reward,pct full rollouts
expert,4805.7044152709195,100.78253317539665,1.0
behavioral cloning,-467.9792525827094,179.46081051987267,0.9678000000000001
