,mean reward,std reward,pct full rollouts
expert,4712.0771713657805,452.5307292681324,0.97995
behavioral cloning,-1248.7324691076346,1399.3584989129301,0.5852499999999999
