,mean reward,std reward,pct full rollouts
expert,-3.6058632640820334,1.7264972761027566,1.0
behavioral cloning,-28.259146208667335,3.4567811633705627,1.0
