,mean reward,std reward,pct full rollouts
expert,-3.937699734361607,1.9910573588199572,1.0
behavioral cloning,-42.114852679536504,7.621178575354625,1.0
