,mean reward,std reward,pct full rollouts
expert,-4.437810978982249,1.746755773441792,1.0
behavioral cloning,-23.74886568261586,5.2798778038367775,1.0
