,mean reward,std reward,pct full rollouts
expert,-4.702215548697777,1.7828107155276849,1.0
behavioral cloning,-14.099164119591766,3.084754601129625,1.0
