,mean reward,std reward,pct full rollouts
expert,-3.2147417204802005,1.8078671278639793,1.0
behavioral cloning,-47.73695876589801,19.08725411463858,1.0
