,mean reward,std reward,pct full rollouts
expert,4738.456895020051,227.1511151449892,0.99285
behavioral cloning,4472.398650764031,632.4844312918792,0.9692999999999999
