,mean reward,std reward,pct full rollouts
expert,4151.403479828104,75.35327371353854,1.0
behavioral cloning,3736.1164463241744,336.09371779400556,1.0
