,mean reward,std reward,pct full rollouts
expert,10394.318869669258,34.846841899455875,1.0
behavioral cloning,781.5140162749109,427.84032001498326,0.502927927927928
