,mean reward,std reward,pct full rollouts
expert,3777.127893332255,4.326543158621823,1.0
behavioral cloning,342.473378617077,11.798745749410202,0.961619718309859
