,mean reward,std reward,pct full rollouts
expert,5543.920120506204,41.03917816311201,1.0
behavioral cloning,2452.6633365025345,682.4488492656837,0.6548512289780077
