,mean reward,std reward,pct full rollouts
expert,4820.683492809216,123.806548643746,1.0
behavioral cloning,4617.2381349503485,121.35380418251059,1.0
