,mean reward,std reward,pct full rollouts
expert,4122.2516831024595,77.06942884088461,1.0
behavioral cloning,2938.382986921576,1323.9689513167057,1.0
