,mean reward,std reward,pct full rollouts
expert,3778.372310579267,3.5335939700916583,1.0
behavioral cloning,346.92940323337734,5.876408834357253,0.9744680851063829
