,mean reward,std reward,pct full rollouts
expert,10408.927799688341,59.5009862091573,1.0
behavioral cloning,2172.1750909102157,900.2565866343626,0.5960526315789474
