,mean reward,std reward,pct full rollouts
expert,-3.482319097719651,1.8117980008722583,1.0
behavioral cloning,-16.97674968013767,5.303503291055775,1.0
