,mean reward,std reward,pct full rollouts
expert,5488.151660236716,100.27919466037154,1.0
behavioral cloning,523.9856848497528,160.84475467515097,0.6586065573770492
