,mean reward,std reward,pct full rollouts
expert,4838.582984439107,113.71365994618516,1.0
behavioral cloning,4514.20492721763,140.03817835467368,1.0
