,mean reward,std reward,pct full rollouts
expert,3777.642351698777,3.0308861600382966,1.0
behavioral cloning,333.26692898476784,6.875532696992215,0.969927536231884
