,mean reward,std reward,pct full rollouts
expert,10399.837693296253,45.79353645758553,1.0
behavioral cloning,1579.952461491732,950.9096298430724,0.39787449392712554
