,mean reward,std reward,pct full rollouts
expert,-4.132821936012867,1.788137188055387,1.0
behavioral cloning,-12.618132141506443,3.040776254385267,1.0
