,mean reward,std reward,pct full rollouts
expert,5523.238974379886,41.331937826677795,1.0
behavioral cloning,624.9785363919,354.73962970908644,0.4061659192825112
