,mean reward,std reward,pct full rollouts
expert,4124.664474141202,74.82002350154949,1.0
behavioral cloning,201.70839727333293,337.028470653705,1.0
