,mean reward,std reward,pct full rollouts
expert,3777.594626115254,2.783103889691635,1.0
behavioral cloning,244.71049764955927,23.737315018439475,0.887218045112782
