,mean reward,std reward,pct full rollouts
expert,10406.482713663321,53.03650803556,1.0
behavioral cloning,291.2773076453611,25.83247314429515,0.801470588235294
