,mean reward,std reward,pct full rollouts
expert,5468.67099193559,117.23556507819215,1.0
behavioral cloning,3.2196994966782766,0.4380483765431253,0.9795454545454545
