,mean reward,std reward,pct full rollouts
expert,10407.808672100697,42.12626938805242,1.0
behavioral cloning,276.2280365384489,18.749747610597716,0.8704918032786886
