,mean reward,std reward,pct full rollouts
expert,10399.019960634685,61.32818109761495,1.0
behavioral cloning,8607.59981430225,3668.3830367696155,0.8335000000000001
