,mean reward,std reward,pct full rollouts
expert,10383.925145250189,61.91252493144431,1.0
behavioral cloning,90.82457442892259,3.5948764344933353,0.9568181818181818
