,mean reward,std reward,pct full rollouts
expert,9930.072343020947,2093.5487033498766,0.95615
behavioral cloning,3818.4325529614653,3276.7438542716022,0.4084499999999999
