,mean reward,std reward,pct full rollouts
expert,10388.859134410483,47.99096718305385,1.0
behavioral cloning,1454.744951523136,808.462787780247,0.43966745843230404
