,mean reward,std reward,pct full rollouts
expert,4605.874222544237,987.311416715246,0.9542999999999999
behavioral cloning,312.7805313405701,262.73690066305653,0.80755
