,mean reward,std reward,pct full rollouts
expert,3779.127416610159,3.803140268453348,1.0
behavioral cloning,886.3451722250181,388.4323636001227,0.38562176165803114
