,mean reward,std reward,pct full rollouts
expert,10395.085794666105,45.2533867737299,1.0
behavioral cloning,224.977490204792,37.558690987402514,0.747457627118644
