,mean reward,std reward,pct full rollouts
expert,5509.065352247486,78.02811714946631,1.0
behavioral cloning,393.5779073435948,21.515101904621282,0.7933212996389891
