,mean reward,std reward,pct full rollouts
expert,-4.118697840941342,1.566019039483673,1.0
behavioral cloning,-12.30610477227226,3.815984277368979,1.0
