#,expert name,expert mean reward,expert std reward,BC mean reward,BC std reward
0,Ant-v2,4814.0965474080385,108.80632605584692,4406.201751455288,573.3854836162683
1,HalfCheetah-v2,4127.516970772937,104.15206994425873,3513.893690862605,508.35242034980627
2,Hopper-v2,3777.979019335801,3.7795498677440458,348.8571445834208,5.574347555130938
3,Humanoid-v2,10398.817690139582,46.76945115242351,1398.7654248744934,662.1544824968952
4,Reacher-v2,-3.882463098485824,1.5836904717634293,-10.895058170778515,4.211804026505475
5,Walker2d-v2,5518.253465989686,45.763351643271314,5231.149197823615,1010.5542993232773
