,mean reward,std reward,pct full rollouts
expert,4830.834562018181,113.63158982569726,1.0
behavioral cloning,4460.125898564968,433.13132900567547,0.9843500000000001
