,mean reward,std reward,pct full rollouts
expert,4113.460886312197,103.33527810734905,1.0
behavioral cloning,3024.0095421075803,1199.4271610846517,1.0
