,mean reward,std reward,pct full rollouts
expert,3778.170650107568,3.153251802058354,1.0
behavioral cloning,309.5397303586858,3.940706301134064,0.9848837209302325
