,mean reward,std reward,pct full rollouts
expert,10372.453644180943,85.60107557308083,1.0
behavioral cloning,2011.4344741488153,1212.147051798948,0.47835365853658535
