,mean reward,std reward,pct full rollouts
expert,5530.132245775849,61.484032630171434,1.0
behavioral cloning,1092.5566727297132,605.2463738880992,0.5380808080808079
